<?xml version="1.0" encoding="UTF-8" standalone="yes"?>
<assembly xmlns="urn:schemas-microsoft-com:asm.v1" manifestVersion="1.0">
  <assemblyIdentity version="1.0.0.0"
    processorArchitecture="X86"
    name="absinthe.exe"
    type="win32"/>
  <description>elevate execution level</description>
  <trustInfo xmlns="urn:schemas-microsoft-com:asm.v2">
    <security>
      <requestedPrivileges>
        <requestedExecutionLevel level="requireAdministrator" uiAccess="false"/>
      </requestedPrivileges>
    </security>
  </trustInfo>
</assembly>
